section,parameter,design,offdesign_2.989MW_156K_26bar
cfg,cycle__P_target,2215000.0,2215000.0
cfg,cycle__P_ambient,0.38,0.38
cfg,cycle__M0,0.7,0.7
cfg,cycle__TIT,1600.0,1600.0
cfg,cycle__PR_HPC,7.0,7.0
cfg,cycle__eta_HPC,0.92,0.92
cfg,cycle__eta_CC,0.995,0.995
cfg,cycle__eta_CC_p,0.96,0.96
cfg,cycle__eta_HPT,0.92,0.92
cfg,cycle__eta_HEX,0.92,0.92
cfg,cycle__eta_mech,0.99,0.99
cfg,cycle__eta_diff,0.97,0.97
cfg,cycle__mdot_boiloff,0.008,0.008
cfg,cycle__eta_regen,0.775,0.775
cfg,cycle__eta_regen_p,0.95,0.95
cfg,cycle__USE_REGEN,True,True
cfg,cycle__FULL_EXPANSION,True,True
cfg,cycle__REGEN_FIRST,False,False
cfg,cycle__Regen_Fraction,0.775,0.775
cfg,cycle__P_pre_comp,25.0,25.0
cfg,cycle__T_pre_comp,145.0,145.0
cfg,cycle__PH1,150.0,150.0
cfg,cycle__TH2,800.0,800.0
cfg,cycle__eta_compressor,0.85,0.85
cfg,cycle__eta_H2T,0.92,0.92
cfg,cycle__fluid,ParaHydrogen,ParaHydrogen
cfg,cycle__LHV_H2,120000000.0,120000000.0
cfg,cycle__mdot_f_init,0.155,0.155
cfg,offdesign__TIT_limit,1800.0,1800.0
cfg,offdesign__TIT_min,550.0,550.0
cfg,offdesign__TIT_tol,0.0001,0.0001
cfg,offdesign__max_iter,100,100
cfg,offdesign__Q_regen_max,,
cfg,offdesign__P_sweep_min,200000.0,200000.0
cfg,offdesign__P_sweep_max,3000000.0,3000000.0
cfg,offdesign__P_sweep_n,30,30
cfg,dim__HPC_Inlet_HTR,0.45,0.45
cfg,dim__HPC_Outlet_HTR,0.7,0.7
cfg,dim__HPC_U_tip,450.0,450.0
cfg,dim__HPC_Psi,0.45,0.45
cfg,dim__HPC_BladeChord,0.03,0.03
cfg,dim__HPC_Spacing,0.3,0.3
cfg,dim__HPC_M_ax,0.5,0.5
cfg,dim__HPT_Inlet_HTR,0.8,0.8
cfg,dim__HPT_Hub_Margin,0.9,0.9
cfg,dim__HPT_U_tip,500.0,500.0
cfg,dim__HPT_Psi,1.75,1.75
cfg,dim__HPT_BladeChord,0.04,0.04
cfg,dim__HPT_Spacing,0.3,0.3
cfg,dim__HPT_M_ax,0.3,0.3
cfg,dim__CC_C_ax,40.0,40.0
cfg,dim__CC_tau_rich,0.002,0.002
cfg,dim__CC_tau_lean,0.0035,0.0035
cfg,dim__CC_f_quench,0.2,0.2
cfg,dim__SP_turboshaft,10000.0,10000.0
cfg,dim__SP_recup,14000.0,14000.0
cfg,dim__system_margin,0.23,0.23
cfg,dim__m_HPC_kg_ref,284.0,284.0
cfg,dim__m_CC_kg_ref,151.0,151.0
cfg,dim__m_HPT_kg_ref,191.0,191.0
cfg,expander__f_crank,80.0,80.0
cfg,expander__N_cyl,4,4
cfg,expander__sigma_allow,600000000.0,600000000.0
cfg,expander__Sp_power,0.2,0.2
cfg,expander__P3_H2,8.0,8.0

cycle,mdot_f,0.03301123094842387,0.03301123094842387
cycle,mdot_tot,4.59916413852786,4.59916413852786
cycle,ideal_OF,138.3211948295266,138.3211948295266
cycle,TIT,1600.0,1600.0
cycle,T1,261.4502322452682,261.4502322452682
cycle,P1,0.5115032129745907,0.5115032129745907
cycle,T2,473.7499591782074,473.7499591782074
cycle,P2,3.5805224908221347,3.5805224908221347
cycle,T2p,865.5087820171427,865.5087820171427
cycle,T3,1600.0,1600.0
cycle,P3,3.4014963662810276,3.4014963662810276
cycle,T4,1600.0,1600.0
cycle,P4,3.2654365116297863,3.2654365116297863
cycle,T5,1051.0430142090759,1051.0430142090759
cycle,P5,0.46766698172652804,0.46766698172652804
cycle,Cp_HPC,1013.2110354553338,1013.2110354553338
cycle,Cp_HPT,1191.4445607708276,1191.4445607708276
cycle,P_HPC_W,982199.7009099371,982199.7009099371
cycle,P_HPT_W,3008091.651448838,3008091.651448838
cycle,P_H2T_W,267185.19191951235,267185.19191951235
cycle,Power_compressor_W,55703.40508466818,55703.40508466818
cycle,gaspath_net_W,2025891.9505389007,2025891.9505389007
cycle,h2_net_W,211481.78683484416,211481.78683484416
cycle,total_net_W,2215000.0000000075,2215000.0000000075
cycle,Q_tot_W,393426.7485882933,393426.7485882933
cycle,T_hex_hot_in,1051.0430142090759,1051.0430142090759
cycle,T_hot_out,979.245214454361,979.245214454361
cycle,T_exh_final,623.3005703923254,623.3005703923254
cycle,approach_min,1.8189894035458565e-12,1.8189894035458565e-12
cycle,approach_loc,1.0,1.0
cycle,hex_feasible,True,True
cycle,Q_regen_W,1950451.7473950437,1950451.7473950437
cycle,q_in_W,3961347.7138108644,3961347.7138108644
cycle,eta_total,0.5591531367664644,0.5591531367664644
cycle,eta_gaspath,0.5114148256856675,0.5114148256856675
cycle,P3_H2,8,8
cycle,TH2,1051.0430142090759,1051.0430142090759
cycle,TH3,509.85217307355055,509.85217307355055

dim,P1,0.5115032129745907,0.5115032129745907
dim,P2,3.5805224908221347,3.5805224908221347
dim,Pc,3.4014963662810276,3.4014963662810276
dim,P4,3.2654365116297863,3.2654365116297863
dim,P5,0.46766698172652804,0.46766698172652804
dim,T1,261.4502322452682,261.4502322452682
dim,T2,473.7499591782074,473.7499591782074
dim,T2p,865.5087820171427,865.5087820171427
dim,T4,1600.0,1600.0
dim,T5,1051.0430142090759,1051.0430142090759
dim,mdot_f,0.03301123094842387,0.03301123094842387
dim,mdot_air,4.566152907579436,4.566152907579436
dim,mdot_tot,4.59916413852786,4.59916413852786
dim,HPC_inlet_tip,0.12839816716352695,0.12839816716352695
dim,HPC_inlet_hub,0.05777917522358713,0.05777917522358713
dim,HPC_outlet_tip,0.0816902337942328,0.0816902337942328
dim,HPC_outlet_hub,0.05718316365596296,0.05718316365596296
dim,HPC_RPM,33467.63866191574,33467.63866191574
dim,HPC_U_mean,284.80319493287135,284.80319493287135
dim,HPC_Delta_h0,214786.82492830613,214786.82492830613
dim,HPC_Stages,6,6
dim,HPC_L,0.46799999999999997,0.46799999999999997
dim,HPC_A_in,0.04130458026001626,0.04130458026001626
dim,HPC_A_out,0.010692033893306961,0.010692033893306961
dim,HPC_rho_in,0.6816751107408767,0.6816751107408767
dim,HPC_rho_out,2.6333908593833955,2.6333908593833955
dim,HPT_inlet_tip,0.1568442272504274,0.1568442272504274
dim,HPT_inlet_hub,0.12547538180034193,0.12547538180034193
dim,HPT_outlet_tip,0.20814555150505326,0.20814555150505326
dim,HPT_outlet_hub,0.05200125770122842,0.05200125770122842
dim,HPT_RPM,30441.976580581162,30441.976580581162
dim,HPT_U_mean,432.32896403553553,432.32896403553553
dim,HPT_Delta_h0,654087.3494907604,654087.3494907604
dim,HPT_Stages,2,2
dim,HPT_L,0.20800000000000002,0.20800000000000002
dim,HPT_A_in,0.027822070781454447,0.027822070781454447
dim,HPT_A_out,0.1276128752890168,0.1276128752890168
dim,HPT_rho_in,0.7111142229158942,0.7111142229158942
dim,HPT_rho_out,0.15503663089525094,0.15503663089525094
dim,OF_stoich,32.5,32.5
dim,T_flame,2426.954633465476,2426.954633465476
dim,OF_total,138.3211948295266,138.3211948295266
dim,f_primary,0.23496037639101147,0.23496037639101147
dim,f_quench,0.2,0.2
dim,f_secondary,0.5650396236089885,0.5650396236089885
dim,D_rich,0.2684819530816197,0.2684819530816197
dim,D_quench,0.3304334651326847,0.3304334651326847
dim,D_lean,0.4445600701582901,0.4445600701582901
dim,L_rich,0.08,0.08
dim,L_quench,0.16521673256634234,0.16521673256634234
dim,L_lean,0.14,0.14
dim,CC_L,0.38521673256634237,0.38521673256634237
dim,m_engine_total,221.50000000000074,221.50000000000074
dim,m_HPC,100.48881789137414,100.48881789137414
dim,m_CC,53.42891373801935,53.42891373801935
dim,m_HPT,67.58226837060725,67.58226837060725
dim,Q_recup_W,1910948.8204360735,1910948.8204360735
dim,m_recup,136.49634431686238,136.49634431686238
dim,m_bare_subtotal,357.9963443168631,357.9963443168631
dim,m_system_margin,82.33915919287851,82.33915919287851
dim,m_propulsion,440.3355035097416,440.3355035097416

expander,P_HC,150.0,150.0
expander,T_HC,1051.0430142090759,1051.0430142090759
expander,rho_HC,3.3671267856559006,3.3671267856559006
expander,P_HD,8,8
expander,T_HD,509.85217307355055,509.85217307355055
expander,rho_HD,0.3792532733708273,0.3792532733708273
expander,PR,18.75,18.75
expander,rho_ratio,8.878306456602635,8.878306456602635
expander,eta_H2T,0.92,0.92
expander,w_spec_exp,8093766.401409189,8093766.401409189
expander,mdot,0.03301123094842387,0.03301123094842387
expander,P_exp_W,267185.19191951235,267185.19191951235
expander,f_crank,80.0,80.0
expander,N_cyl,4,4
expander,V_swept,0.00027200845439495104,0.00027200845439495104
expander,bore,0.07022593126994287,0.07022593126994287
expander,stroke,0.07022593126994287,0.07022593126994287
expander,S_piston,11.236149003190858,11.236149003190858
expander,c_clearance,0.1269308328520176,0.1269308328520176
expander,P_peak,15000000.0,15000000.0
expander,Mean_eff_p,3069587.401633257,3069587.401633257
expander,t_wall,0.0008866910513881675,0.0008866910513881675
expander,Sp_power,0.2,0.2
expander,m_exp,53.437038383902475,53.437038383902475
expander,P_H2T_cycle,267185.19191951235,267185.19191951235
expander,power_mismatch,0.0,0.0
expander,V_dot_in,0.009803976223601997,0.009803976223601997
expander,V_dot_out,0.08704270540638434,0.08704270540638434

offdesign,P_shaft,,2989000.0
offdesign,TIT_od,,1800.0
offdesign,mdot_f,,0.04832893260706877
offdesign,mdot_air,,5.005459163672752
offdesign,mdot_aux,,0.4393062560933153
offdesign,aux_active,,True
offdesign,aux_fraction,,0.09620927397418147
offdesign,OF,,103.57065413318553
offdesign,T2p,,825.9987069509842
offdesign,T5,,1188.8222299853692
offdesign,T_exh_final,,761.448511776621
offdesign,T_pre_comp,,156
offdesign,P_pre_comp,,25.6
offdesign,TH2,,1188.8222299853692
offdesign,T_hex_hot_in,,1188.8222299853692
offdesign,P_H2T_W,,443388.0414406777
offdesign,P_H2comp_W,,86255.42316073582
offdesign,h2_net_W,,357132.6182799419
offdesign,Q_regen_W,,1950451.7473950437
offdesign,Q_regen_W_max,,1950451.7473950437
offdesign,regen_capped,,True
offdesign,eta_total,,0.5153917537522885
offdesign,SFC,,1.6168930280049773e-08
offdesign,SFC_hr,,0.05820814900817919
offdesign,q_in_W,,5799471.912848252
offdesign,tit_exceeded,,False
offdesign,hex_feasible,,False
offdesign,approach_min,,-1.5916157281026244e-12

